<?xml version="1.0" encoding="utf-8"?><LWM2M xmlns:xsi="http://www.w3.org/2001/XMLSchema-instance" xsi:noNamespaceSchemaLocation="http://openmobilealliance.org/tech/profiles/LWM2M.xsd">
	<Object ObjectType="MODefinition">
		<Name>CmdhPolicy</Name>
		<Description1><![CDATA[This Object provides links to a set of rules associated with a specific CSE that governs the behavior of that CSE regarding rejecting, buffering and sending request or response messages via the Mcc reference point.]]></Description1>
		<ObjectID>2048</ObjectID>
		<ObjectURN>urn:oma:lwm2m:ext:2048</ObjectURN><LWM2MVersion>1.0</LWM2MVersion>
		<ObjectVersion>1.0</ObjectVersion><MultipleInstances>Multiple</MultipleInstances>
		<Mandatory>Optional</Mandatory>
		<Resources>
			<Item ID="0"><Name>Name</Name>
				<Operations>RW</Operations>
				<MultipleInstances>Single</MultipleInstances>
				<Mandatory>Mandatory</Mandatory>
				<Type>String</Type>
				<RangeEnumeration></RangeEnumeration>
				<Units></Units>
				<Description><![CDATA[Contains the name of a CmdhPolicy Object Instance ]]></Description>
			</Item>
			<Item ID="1"><Name>DefaultRule</Name>
				<Operations>RW</Operations>
				<MultipleInstances>Single</MultipleInstances>
				<Mandatory>Mandatory</Mandatory>
				<Type>Objlnk</Type>
				<RangeEnumeration></RangeEnumeration>
				<Units></Units>
				<Description><![CDATA[1 reference to CmdhDefaults Object  Instance]]></Description>
			</Item>
			<Item ID="2"><Name>LimiRules</Name>
				<Operations>RW</Operations>
				<MultipleInstances>Multiple</MultipleInstances>
				<Mandatory>Mandatory</Mandatory>
				<Type>Objlnk</Type>
				<RangeEnumeration></RangeEnumeration>
				<Units></Units>
				<Description><![CDATA[1 or more references to CmdhLimits Object Instances]]></Description>
			</Item>
			<Item ID="3"><Name>NetworkAccessECRules</Name>
				<Operations>RW</Operations>
				<MultipleInstances>Multiple</MultipleInstances>
				<Mandatory>Mandatory</Mandatory>
				<Type>Objlnk</Type>
				<RangeEnumeration></RangeEnumeration>
				<Units></Units>
				<Description><![CDATA[1 or more references to CmdhNetworkAccessRules Object Instances]]></Description>
			</Item>
			<Item ID="4"><Name>BufferRules</Name>
				<Operations>RW</Operations>
				<MultipleInstances>Multiple</MultipleInstances>
				<Mandatory>Mandatory</Mandatory>
				<Type>Objlnk</Type>
				<RangeEnumeration></RangeEnumeration>
				<Units></Units>
				<Description><![CDATA[1 or more references to CmdhBuffer Object Instances]]></Description>
			</Item></Resources>
		<Description2 />
	</Object>
</LWM2M>