<?xml version="1.0" encoding="utf-8"?><LWM2M xmlns:xsi="http://www.w3.org/2001/XMLSchema-instance" xsi:noNamespaceSchemaLocation="http://openmobilealliance.org/tech/profiles/LWM2M.xsd">
	<Object ObjectType="MODefinition">
		<Name>CmdhDefaults</Name>
		<Description1><![CDATA[Defines which CMDH related parameters will be used by default. ]]></Description1>
		<ObjectID>2050</ObjectID>
		<ObjectURN>urn:oma:lwm2m:ext:2050</ObjectURN><LWM2MVersion>1.0</LWM2MVersion>
		<ObjectVersion>1.0</ObjectVersion><MultipleInstances>Multiple</MultipleInstances>
		<Mandatory>Optional</Mandatory>
		<Resources>
			<Item ID="0"><Name>DefaultEcRules</Name>
				<Operations>RW</Operations>
				<MultipleInstances>Multiple</MultipleInstances>
				<Mandatory>Mandatory</Mandatory>
				<Type>Objlnk</Type>
				<RangeEnumeration></RangeEnumeration>
				<Units></Units>
				<Description><![CDATA[1 or more references to  CmdhDefEcValue Object Instances containing default values for the ec (event category) parameter of an incoming request or response when this parameter is not indicated in the message itself ]]></Description>
			</Item>
			
			
			
			
			
			<Item ID="1"><Name>DefaultEcParamRules</Name>
				<Operations>RW</Operations>
				<MultipleInstances>Multiple</MultipleInstances>
				<Mandatory>Mandatory</Mandatory>
				<Type>Objlnk</Type>
				<RangeEnumeration></RangeEnumeration>
				<Units></Units>
				<Description><![CDATA[1 or more references to CmdhEcDefParamValues Object Instances ]]></Description>
			</Item></Resources>
		<Description2 />
	</Object>
</LWM2M>