<?xml version="1.0" encoding="utf-8"?><LWM2M xmlns:xsi="http://www.w3.org/2001/XMLSchema-instance" xsi:noNamespaceSchemaLocation="http://openmobilealliance.org/tech/profiles/LWM2M.xsd">
	<Object ObjectType="MODefinition">
		<Name>CmdhDefEcValues</Name>
		<Description1><![CDATA[This Object represents default set of values for the Event Category parameter of an incoming request or response message.]]></Description1>
		<ObjectID>2051</ObjectID>
		<ObjectURN>urn:oma:lwm2m:ext:2051</ObjectURN><LWM2MVersion>1.0</LWM2MVersion>
		<ObjectVersion>1.0</ObjectVersion><MultipleInstances>Multiple</MultipleInstances>
		<Mandatory>Optional</Mandatory>
		<Resources>
			<Item ID="0"><Name>Order</Name>
				<Operations>RW</Operations>
				<MultipleInstances>Single</MultipleInstances>
				<Mandatory>Mandatory</Mandatory>
				<Type>Integer</Type>
				<RangeEnumeration></RangeEnumeration>
				<Units></Units>
				<Description><![CDATA[Contains an index defining the order of processing this CmdhDefEcValue Object Instance will be handled]]></Description>
			</Item>
			<Item ID="1"><Name>DefEcValue</Name>
				<Operations>RW</Operations>
				<MultipleInstances>Single</MultipleInstances>
				<Mandatory>Mandatory</Mandatory>
				<Type>String</Type>
				<RangeEnumeration></RangeEnumeration>
				<Units></Units>
				<Description><![CDATA[Represents the default Event category value to be applied when the conditions given in this Object Instance are matched]]></Description>
			</Item>
			<Item ID="2"><Name>RequestOrigin</Name>
				<Operations>RW</Operations>
				<MultipleInstances>Multiple</MultipleInstances>
				<Mandatory>Mandatory</Mandatory>
				<Type>String</Type>
				<RangeEnumeration></RangeEnumeration>
				<Units></Units>
				<Description><![CDATA[List of zero or more Local AE-IDs, App-IDs, or the strings “localAE” or “thisCSE”]]></Description>
			</Item>
			<Item ID="3"><Name>RequestContext</Name>
				<Operations>RW</Operations>
				<MultipleInstances>Single</MultipleInstances>
				<Mandatory>Optional</Mandatory>
				<Type>String</Type>
				<RangeEnumeration></RangeEnumeration>
				<Units></Units>
				<Description><![CDATA[Contains the requestContext information of this Object Instance which needs to be matched  ]]></Description>
			</Item>
			<Item ID="4"><Name>RequestContextNotification</Name>
				<Operations>RW</Operations>
				<MultipleInstances>Single</MultipleInstances>
				<Mandatory>Optional</Mandatory>
				<Type>Boolean</Type>
				<RangeEnumeration></RangeEnumeration>
				<Units></Units>
				<Description><![CDATA[Contains true/false flag indicating whether or not notification procedures apply.]]></Description>
			</Item>
			<Item ID="5"><Name>RequestCharacteristics</Name>
				<Operations>RW</Operations>
				<MultipleInstances>Single</MultipleInstances>
				<Mandatory>Optional</Mandatory>
				<Type>String</Type>
				<RangeEnumeration></RangeEnumeration>
				<Units></Units>
				<Description><![CDATA[Represents conditions pertaining to the request itself, (e.g. the requested Response Type  ) than needs to be matched]]></Description>
			</Item></Resources>
		<Description2 />
	</Object>
</LWM2M>