<?xml version="1.0" encoding="utf-8"?><LWM2M xmlns:xsi="http://www.w3.org/2001/XMLSchema-instance" xsi:noNamespaceSchemaLocation="http://openmobilealliance.org/tech/profiles/LWM2M.xsd">
	<Object ObjectType="MODefinition">
		<Name>CmdhEcDefParamValues</Name>
		<Description1><![CDATA[This Object represents a specific set of default values for the CMDH related parameters Request Expiration Timestamp, Result Expiration Timestamp, Operational Execution Time, Result Persistence and Delivery Aggregation that are applicable for a given Event Category if these parameters are not specified in the message.]]></Description1>
		<ObjectID>2052</ObjectID>
		<ObjectURN>urn:oma:lwm2m:ext:2052</ObjectURN><LWM2MVersion>1.0</LWM2MVersion>
		<ObjectVersion>1.0</ObjectVersion><MultipleInstances>Multiple</MultipleInstances>
		<Mandatory>Optional</Mandatory>
		<Resources>
			<Item ID="0"><Name>ApplicableEventCategory </Name>
				<Operations>RW</Operations>
				<MultipleInstances>Multiple</MultipleInstances>
				<Mandatory>Mandatory</Mandatory>
				<Type>Integer</Type>
				<RangeEnumeration></RangeEnumeration>
				<Units></Units>
				<Description><![CDATA[Contains  list of Event Category values]]></Description>
			</Item>
			<Item ID="1"><Name>DefaultRequestExpTime</Name>
				<Operations>RW</Operations>
				<MultipleInstances>Single</MultipleInstances>
				<Mandatory>Mandatory</Mandatory>
				<Type>Integer</Type>
				<RangeEnumeration></RangeEnumeration>
				<Units>ms</Units>
				<Description><![CDATA[Contains the default value for the Request Expiration Timestamp parameter when such a parameter is not set in the request]]></Description>
			</Item>
			
			
			
			
			
			
			<Item ID="2"><Name>DefaultResultExpTime </Name>
				<Operations>RW</Operations>
				<MultipleInstances>Single</MultipleInstances>
				<Mandatory>Mandatory</Mandatory>
				<Type>Integer</Type>
				<RangeEnumeration></RangeEnumeration>
				<Units>ms</Units>
				<Description><![CDATA[Contains the default value of the Result  Expiration Timestamp parameter when such a parameter is not set in the request  ]]></Description>
			</Item>
			
			<Item ID="3"><Name>DefaultOpExecTime</Name>
				<Operations>RW</Operations>
				<MultipleInstances>Single</MultipleInstances>
				<Mandatory>Mandatory</Mandatory>
				<Type>Integer</Type>
				<RangeEnumeration></RangeEnumeration>
				<Units>ms</Units>
				<Description><![CDATA[Contains the default value of the Operation Execution Time parameter when such a parameter is not set in the request]]></Description>
			</Item>
			<Item ID="4"><Name>DefaultRespPersistence </Name>
				<Operations>RW</Operations>
				<MultipleInstances>Single</MultipleInstances>
				<Mandatory>Mandatory</Mandatory>
				<Type>Integer</Type>
				<RangeEnumeration></RangeEnumeration>
				<Units>ms</Units>
				<Description><![CDATA[Contains the default value of the Result  Persistence parameter when such a parameter is not set in the request  ]]></Description>
			</Item>
			<Item ID="5"><Name>DefaultDelAggregation </Name>
				<Operations>RW</Operations>
				<MultipleInstances>Single</MultipleInstances>
				<Mandatory>Mandatory</Mandatory>
				<Type>Integer</Type>
				<RangeEnumeration></RangeEnumeration>
				<Units>ms</Units>
				<Description><![CDATA[Contains the default value of the Delivery Aggregation  parameter when such a parameter is not set in the request  ]]></Description>
			</Item>
			
			
			
			
			</Resources>
		<Description2 />
	</Object>
</LWM2M>