<?xml version="1.0" encoding="utf-8"?><LWM2M xmlns:xsi="http://www.w3.org/2001/XMLSchema-instance" xsi:noNamespaceSchemaLocation="http://openmobilealliance.org/tech/profiles/LWM2M.xsd">
	<Object ObjectType="MODefinition">
		<Name>CmdhBuffer</Name>
		<Description1><![CDATA[This Object defines limits in usage of buffers for temporarily storing information that needs to be forwarded to other CSEs during processing of CMDH-related requests in a CSE.]]></Description1>
		<ObjectID>2056</ObjectID>
		<ObjectURN>urn:oma:lwm2m:ext:2056</ObjectURN><LWM2MVersion>1.0</LWM2MVersion>
		<ObjectVersion>1.0</ObjectVersion><MultipleInstances>Multiple</MultipleInstances>
		<Mandatory>Optional</Mandatory>
		<Resources>
			<Item ID="0"><Name>ApplicableEventCategory</Name>
				<Operations>RW</Operations>
				<MultipleInstances>Multiple</MultipleInstances>
				<Mandatory>Mandatory</Mandatory>
				<Type>Integer</Type>
				<RangeEnumeration></RangeEnumeration>
				<Units></Units>
				<Description><![CDATA[Contains a list of event category values]]></Description>
			</Item>
			<Item ID="1"><Name>MaxBufferSize</Name>
				<Operations>RW</Operations>
				<MultipleInstances>Single</MultipleInstances>
				<Mandatory>Mandatory</Mandatory>
				<Type>Integer</Type>
				<RangeEnumeration></RangeEnumeration>
				<Units>Byte</Units>
				<Description><![CDATA[Contains the max Buffer size of the CmdhBuffer Object Instance ]]></Description>
			</Item>
			<Item ID="2"><Name>StoragePriority</Name>
				<Operations>RW</Operations>
				<MultipleInstances>Single</MultipleInstances>
				<Mandatory>Mandatory</Mandatory>
				<Type>Integer</Type>
				<RangeEnumeration>1..10</RangeEnumeration>
				<Units></Units>
				<Description><![CDATA[Storage priority for the buffered data associated to that CmdhBuffer Object Instance. t 
Buffered requests associated with a lower storage priority shall be purged before buffered requests with a higher storage priority.
]]></Description>
			</Item>
			
			
			</Resources>
		<Description2 />
	</Object>
</LWM2M>