<?xml version="1.0" encoding="utf-8"?>
<LWM2M  xmlns:xsi="http://www.w3.org/2001/XMLSchema-instance" xsi:noNamespaceSchemaLocation="http://openmobilealliance.org/tech/profiles/LWM2M.xsd">
	<Object ObjectType="MODefinition">
		<Name>Generic Sensor</Name>
		<Description1>This IPSO object allow the description of a generic sensor. It is based on the description of a value and a unit according to the UCUM specification. Thus, any type of value defined within this specification can be reporting using this object.
Specific object for a given range of sensors is described later in the document, enabling to identify the type of sensors directly from its Object ID. This object may be used as a generic object if a dedicated one does not exist.</Description1>
		<ObjectID>3300</ObjectID>
		<ObjectURN>urn:oma:lwm2m:ext:3300</ObjectURN>
		<MultipleInstances>Multiple</MultipleInstances>
		<Mandatory>Optional</Mandatory>
		<Resources>
			<Item ID="5700">
				<Name>Sensor Value</Name>
				<Operations>R</Operations>
				<MultipleInstances>Single</MultipleInstances>
				<Mandatory>Mandatory</Mandatory>
				<Type>Float</Type>
				<RangeEnumeration></RangeEnumeration>
				<Units>Defined by “Units” resource.</Units>
				<Description>Last or Current Measured Value from the Sensor</Description>
			</Item>
			<Item ID="5701">
				<Name>Sensor Units</Name>
				<Operations>R</Operations>
				<MultipleInstances>Single</MultipleInstances>
				<Mandatory>Optional</Mandatory>
				<Type>String</Type>
				<RangeEnumeration></RangeEnumeration>
				<Units></Units>
				<Description>Measurement Units Definition e.g. “Cel” for Temperature in Celsius.</Description>
			</Item>
			<Item ID="5601">
				<Name>Min Measured Value</Name>
				<Operations>R</Operations>
				<MultipleInstances>Single</MultipleInstances>
				<Mandatory>Optional</Mandatory>
				<Type>Float</Type>
				<RangeEnumeration></RangeEnumeration>
				<Units>Defined by “Units” resource.</Units>
				<Description>The minimum value measured by the sensor since power ON or reset</Description>
			</Item>
			<Item ID="5602">
				<Name>Max Measured Value</Name>
				<Operations>R</Operations>
				<MultipleInstances>Single</MultipleInstances>
				<Mandatory>Optional</Mandatory>
				<Type>Float</Type>
				<RangeEnumeration></RangeEnumeration>
				<Units>Defined by “Units” resource.</Units>
				<Description>The maximum value measured by the sensor since power ON or reset</Description>
			</Item>
			<Item ID="5603">
				<Name>Min Range Value</Name>
				<Operations>R</Operations>
				<MultipleInstances>Single</MultipleInstances>
				<Mandatory>Optional</Mandatory>
				<Type>Float</Type>
				<RangeEnumeration></RangeEnumeration>
				<Units>Defined by “Units” resource.</Units>
				<Description>The minimum value that can be measured by the sensor</Description>
			</Item>
			<Item ID="5604">
				<Name>Max Range Value</Name>
				<Operations>R</Operations>
				<MultipleInstances>Single</MultipleInstances>
				<Mandatory>Optional</Mandatory>
				<Type>Float</Type>
				<RangeEnumeration></RangeEnumeration>
				<Units>Defined by “Units” resource.</Units>
				<Description>The maximum value that can be measured by the sensor</Description>
			</Item>
			<Item ID="5750">
				<Name>Application Type</Name>
				<Operations>RW</Operations>
				<MultipleInstances>Single</MultipleInstances>
				<Mandatory>Optional</Mandatory>
				<Type>String</Type>
				<RangeEnumeration></RangeEnumeration>
				<Units></Units>
				<Description>If present, the application type of the sensor as a string, for instance, “CO2”</Description>
			</Item>
			<Item ID="5751">
				<Name>Sensor Type</Name>
				<Operations>R</Operations>
				<MultipleInstances>Single</MultipleInstances>
				<Mandatory>Optional</Mandatory>
				<Type>String</Type>
				<RangeEnumeration></RangeEnumeration>
				<Units></Units>
				<Description>The type of the sensor (for instance PIR type)</Description>
			</Item>
			<Item ID="5605">
				<Name>Reset Min and Max Measured Values</Name>
				<Operations>E</Operations>
				<MultipleInstances>Single</MultipleInstances>
				<Mandatory>Optional</Mandatory>
				<Type>Opaque</Type>
				<RangeEnumeration></RangeEnumeration>
				<Units></Units>
				<Description>Reset the Min and Max Measured Values to Current Value</Description>
			</Item>
		</Resources>
		<Description2></Description2>
	</Object>
</LWM2M>
