<?xml version="1.0" encoding="utf-8"?>
<LWM2M  xmlns:xsi="http://www.w3.org/2001/XMLSchema-instance" xsi:noNamespaceSchemaLocation="http://openmobilealliance.org/tech/profiles/LWM2M.xsd">
	<Object ObjectType="MODefinition">
		<Name>Set Point</Name>
		<Description1>Description: This IPSO object should be used to set a desired value to a controller, such as a thermostat. This object enables a setpoint to be expressed units defined in the UCUM specification, to match an associated sensor or measurement value. A special resource is added to set the colour of an object.</Description1>
		<ObjectID>3308</ObjectID>
		<ObjectURN>urn:oma:lwm2m:ext:3308</ObjectURN>
		<MultipleInstances>Multiple</MultipleInstances>
		<Mandatory>Optional</Mandatory>
		<Resources>
			<Item ID="5900">
				<Name>Set Point Value</Name>
				<Operations>RW</Operations>
				<MultipleInstances>Single</MultipleInstances>
				<Mandatory>Mandatory</Mandatory>
				<Type>Float</Type>
				<RangeEnumeration></RangeEnumeration>
				<Units>Defined by “Units” resource.</Units>
				<Description>The setpoint value.</Description>
			</Item>
			<Item ID="5701">
				<Name>Sensor Units</Name>
				<Operations>R</Operations>
				<MultipleInstances>Single</MultipleInstances>
				<Mandatory>Optional</Mandatory>
				<Type>String</Type>
				<RangeEnumeration></RangeEnumeration>
				<Units></Units>
				<Description>If present, the type of sensor defined as the UCUM Unit Definition e.g. “Cel” for Temperature in Celcius.</Description>
			</Item>
			<Item ID="5706">
				<Name>Colour</Name>
				<Operations>RW</Operations>
				<MultipleInstances>Single</MultipleInstances>
				<Mandatory>Optional</Mandatory>
				<Type>String</Type>
				<RangeEnumeration></RangeEnumeration>
				<Units></Units>
				<Description>A string representing a value in some color space</Description>
			</Item>
			<Item ID="5750">
				<Name>Application Type</Name>
				<Operations>RW</Operations>
				<MultipleInstances>Single</MultipleInstances>
				<Mandatory>Optional</Mandatory>
				<Type>String</Type>
				<RangeEnumeration></RangeEnumeration>
				<Units></Units>
				<Description>The Application type of the device, for example “Motion Closure”.</Description>
			</Item>
		</Resources>
		<Description2></Description2>
	</Object>
</LWM2M>
