<?xml version="1.0" encoding="utf-8"?>
<LWM2M  xmlns:xsi="http://www.w3.org/2001/XMLSchema-instance" xsi:noNamespaceSchemaLocation="http://openmobilealliance.org/tech/profiles/LWM2M.xsd">
	<Object ObjectType="MODefinition">
		<Name>Accelerometer</Name>
		<Description1>Description: This IPSO object can be used to represent a 1-3 axis accelerometer.</Description1>
		<ObjectID>3313</ObjectID>
		<ObjectURN>urn:oma:lwm2m:ext:3313</ObjectURN>
		<MultipleInstances>Multiple</MultipleInstances>
		<Mandatory>Optional</Mandatory>
		<Resources>
			<Item ID="5702">
				<Name>X Value</Name>
				<Operations>R</Operations>
				<MultipleInstances>Single</MultipleInstances>
				<Mandatory>Mandatory</Mandatory>
				<Type>Float</Type>
				<RangeEnumeration></RangeEnumeration>
				<Units>Defined by “Units” resource.</Units>
				<Description>The measured value along the X axis.</Description>
			</Item>
			<Item ID="5703">
				<Name>Y Value</Name>
				<Operations>R</Operations>
				<MultipleInstances>Single</MultipleInstances>
				<Mandatory>Optional</Mandatory>
				<Type>Float</Type>
				<RangeEnumeration></RangeEnumeration>
				<Units>Defined by “Units” resource.</Units>
				<Description>The measured value along the Y axis.</Description>
			</Item>
			<Item ID="5704">
				<Name>Z Value</Name>
				<Operations>R</Operations>
				<MultipleInstances>Single</MultipleInstances>
				<Mandatory>Optional</Mandatory>
				<Type>Float</Type>
				<RangeEnumeration></RangeEnumeration>
				<Units>Defined by “Units” resource.</Units>
				<Description>The measured value along the Z axis.</Description>
			</Item>
			<Item ID="5701">
				<Name>Sensor Units</Name>
				<Operations>R</Operations>
				<MultipleInstances>Single</MultipleInstances>
				<Mandatory>Optional</Mandatory>
				<Type>String</Type>
				<RangeEnumeration></RangeEnumeration>
				<Units></Units>
				<Description>Measurement Units Definition e.g. “Cel” for Temperature in Celsius.</Description>
			</Item>
			<Item ID="5603">
				<Name>Min Range Value</Name>
				<Operations>R</Operations>
				<MultipleInstances>Single</MultipleInstances>
				<Mandatory>Optional</Mandatory>
				<Type>Float</Type>
				<RangeEnumeration></RangeEnumeration>
				<Units>Defined by “Units” resource.</Units>
				<Description>The minimum value that can be measured by the sensor</Description>
			</Item>
			<Item ID="5604">
				<Name>Max Range Value</Name>
				<Operations>R</Operations>
				<MultipleInstances>Single</MultipleInstances>
				<Mandatory>Optional</Mandatory>
				<Type>Float</Type>
				<RangeEnumeration></RangeEnumeration>
				<Units>Defined by “Units” resource.</Units>
				<Description>The maximum value that can be measured by the sensor</Description>
			</Item>
		</Resources>
		<Description2></Description2>
	</Object>
</LWM2M>
