<?xml version="1.0" encoding="utf-8"?>
<LWM2M  xmlns:xsi="http://www.w3.org/2001/XMLSchema-instance" xsi:noNamespaceSchemaLocation="http://openmobilealliance.org/tech/profiles/LWM2M.xsd">
    <Object ObjectType="MODefinition">
        <Name>Time</Name>
        <Description1>This IPSO object is used to report the current time in seconds since January 1, 1970 UTC. There is also a fractional time counter that has a range of less than one second.
        </Description1>
        <ObjectID>3333</ObjectID>
        <ObjectURN>urn:oma:lwm2m:ext:3333</ObjectURN>
        <MultipleInstances>Multiple</MultipleInstances>
        <Mandatory>Optional</Mandatory>
        <Resources>
            <Item ID="5506">
                <Name>Current Time</Name>
                <Operations>RW</Operations>
                <MultipleInstances>Single</MultipleInstances>
                <Mandatory>Mandatory</Mandatory>
                <Type>Time</Type>
                <RangeEnumeration></RangeEnumeration>
                <Units>s</Units>
                <Description>Unix Time. A signed integer representing the number of seconds since Jan 1st, 1970 in the UTC time zone.</Description>
            </Item>
            <Item ID="5507">
                <Name>Fractional Time</Name>
                <Operations>RW</Operations>
                <MultipleInstances>Single</MultipleInstances>
                <Mandatory>Optional</Mandatory>
                <Type>Float</Type>
                <RangeEnumeration>0-1</RangeEnumeration>
                <Units>seconds</Units>
                <Description>For shorter times of a fraction of a second (i.e. 0.23).</Description>
            </Item>
            <Item ID="5750">
                <Name>Application Type</Name>
                <Operations>RW</Operations>
                <MultipleInstances>Single</MultipleInstances>
                <Mandatory>Optional</Mandatory>
                <Type>String</Type>
                <RangeEnumeration></RangeEnumeration>
                <Units></Units>
                <Description>The application type of the sensor or actuator as a string depending on the use case.</Description>
            </Item>
        </Resources>
        <Description2></Description2>
    </Object>
</LWM2M>
