<?xml version="1.0" encoding="utf-8"?>
<LWM2M  xmlns:xsi="http://www.w3.org/2001/XMLSchema-instance" xsi:noNamespaceSchemaLocation="http://openmobilealliance.org/tech/profiles/LWM2M.xsd">
    <Object ObjectType="MODefinition">
        <Name>Location</Name>
        <Description1>This IPSO object represents GPS coordinates. This object is compatible with the LWM2M management object for location, but uses reusable resources.
        </Description1>
        <ObjectID>3336</ObjectID>
        <ObjectURN>urn:oma:lwm2m:ext:3336</ObjectURN>
        <MultipleInstances>Multiple</MultipleInstances>
        <Mandatory>Optional</Mandatory>
        <Resources>
            <Item ID="5514">
                <Name>Latitude</Name>
                <Operations>R</Operations>
                <MultipleInstances>Single</MultipleInstances>
                <Mandatory>Mandatory</Mandatory>
                <Type>String</Type>
                <RangeEnumeration></RangeEnumeration>
                <Units></Units>
                <Description>The decimal notation of latitude, e.g. -43.5723 (World Geodetic System 1984).</Description>
            </Item>
            <Item ID="5515">
                <Name>Longitude</Name>
                <Operations>R</Operations>
                <MultipleInstances>Single</MultipleInstances>
                <Mandatory>Mandatory</Mandatory>
                <Type>String</Type>
                <RangeEnumeration></RangeEnumeration>
                <Units></Units>
                <Description>The decimal notation of longitude, e.g. 153.21760 (World Geodetic System 1984).</Description>
            </Item>
            <Item ID="5516">
                <Name>Uncertainty</Name>
                <Operations>R</Operations>
                <MultipleInstances>Single</MultipleInstances>
                <Mandatory>Optional</Mandatory>
                <Type>String</Type>
                <RangeEnumeration></RangeEnumeration>
                <Units></Units>
                <Description>The accuracy of the position in meters.</Description>
            </Item>
            <Item ID="5705">
                <Name>Compass Direction</Name>
                <Operations>R</Operations>
                <MultipleInstances>Single</MultipleInstances>
                <Mandatory>Optional</Mandatory>
                <Type>Float</Type>
                <RangeEnumeration>0-360</RangeEnumeration>
                <Units>Degrees</Units>
                <Description>Measured Direction.</Description>
            </Item>
            <Item ID="5517">
                <Name>Velocity</Name>
                <Operations>R</Operations>
                <MultipleInstances>Single</MultipleInstances>
                <Mandatory>Optional</Mandatory>
                <Type>Opaque</Type>
                <RangeEnumeration></RangeEnumeration>
                <Units></Units>
                <Description>The velocity of the device as defined in 3GPP 23.032 GAD specification. This set of values may not be available if the device is static.</Description>
            </Item>
            <Item ID="5518">
                <Name>Timestamp</Name>
                <Operations>R</Operations>
                <MultipleInstances>Single</MultipleInstances>
                <Mandatory>Optional</Mandatory>
                <Type>Time</Type>
                <RangeEnumeration></RangeEnumeration>
                <Units></Units>
                <Description>The timestamp of when the location measurement was performed.</Description>
            </Item>
            <Item ID="5750">
                <Name>Application Type</Name>
                <Operations>RW</Operations>
                <MultipleInstances>Single</MultipleInstances>
                <Mandatory>Optional</Mandatory>
                <Type>String</Type>
                <RangeEnumeration></RangeEnumeration>
                <Units></Units>
                <Description>The application type of the sensor or actuator as a string depending on the use case.</Description>
            </Item>
        </Resources>
        <Description2></Description2>
    </Object>
</LWM2M>
