<?xml version="1.0" encoding="utf-8"?>
<LWM2M  xmlns:xsi="http://www.w3.org/2001/XMLSchema-instance" xsi:noNamespaceSchemaLocation="http://openmobilealliance.org/tech/profiles/LWM2M.xsd">
    <Object ObjectType="MODefinition">
        <Name>Up/Down Control</Name>
        <Description1>This IPSO object is used to report the state of an up/down control element like a pair of push buttons or a rotary encoder. Counters for increase and decrease operations are provided for counting pulses from a quadrature encoder.
        </Description1>
        <ObjectID>3344</ObjectID>
        <ObjectURN>urn:oma:lwm2m:ext:3344</ObjectURN>
        <MultipleInstances>Multiple</MultipleInstances>
        <Mandatory>Optional</Mandatory>
        <Resources>
            <Item ID="5532">
                <Name>Increase Input State</Name>
                <Operations>R</Operations>
                <MultipleInstances>Single</MultipleInstances>
                <Mandatory>Mandatory</Mandatory>
                <Type>Boolean</Type>
                <RangeEnumeration></RangeEnumeration>
                <Units></Units>
                <Description>Indicates an increase control action.</Description>
            </Item>
            <Item ID="5533">
                <Name>Decrease Input State</Name>
                <Operations>R</Operations>
                <MultipleInstances>Single</MultipleInstances>
                <Mandatory>Mandatory</Mandatory>
                <Type>Boolean</Type>
                <RangeEnumeration></RangeEnumeration>
                <Units></Units>
                <Description>Indicates a decrease control action.</Description>
            </Item>
            <Item ID="5541">
                <Name>Up Counter</Name>
                <Operations>RW</Operations>
                <MultipleInstances>Single</MultipleInstances>
                <Mandatory>Optional</Mandatory>
                <Type>Integer</Type>
                <RangeEnumeration></RangeEnumeration>
                <Units></Units>
                <Description>Counts the number of times the increase control has been operated. Writing a 0 resets the counter.</Description>
            </Item>
            <Item ID="5542">
                <Name>Down Counter</Name>
                <Operations>RW</Operations>
                <MultipleInstances>Single</MultipleInstances>
                <Mandatory>Optional</Mandatory>
                <Type>Integer</Type>
                <RangeEnumeration></RangeEnumeration>
                <Units></Units>
                <Description>Counts the times the decrease control has been operated. Writing a 0 resets the counter.</Description>
            </Item>
            <Item ID="5750">
                <Name>Application Type</Name>
                <Operations>RW</Operations>
                <MultipleInstances>Single</MultipleInstances>
                <Mandatory>Optional</Mandatory>
                <Type>String</Type>
                <RangeEnumeration></RangeEnumeration>
                <Units></Units>
                <Description>The application type of the sensor or actuator as a string depending on the use case.</Description>
            </Item>
         </Resources>
        <Description2></Description2>
    </Object>
</LWM2M>
