<?xml version="1.0" encoding="utf-8"?>

<!--
FILE INFORMATION

OMA Permanent Document
   File: OMA-SUP-XML_LWM2M_APN_connection_profile-V1_0-20170314-A
   Type: xml

Public Reachable Information
   Path: http://www.openmobilealliance.org/tech/profiles
   Name: LWM2M_APN_connection_profile-v1_0.xml

NORMATIVE INFORMATION

  Information about this file can be found in the latest revision of

    OMA-TS-LWM2M_ConnMgmt-V1_0

  This is available at http://www.openmobilealliance.org/

  Send comments to technical-comments@mail.openmobilealliance.org

CHANGE HISTORY

14032017 Status changed to Approved by TP, TP Ref # OMA-TP-2017-0019-INP_LWM2M_CONNMGMT-V1_0_RRP_for_Final_Approval
	
LEGAL DISCLAIMER

  Copyright 2017 Open Mobile Alliance All rights reserved.

  Redistribution and use in source and binary forms, with or without
  modification, are permitted provided that the following conditions
  are met:

  1. Redistributions of source code must retain the above copyright
  notice, this list of conditions and the following disclaimer.
  2. Redistributions in binary form must reproduce the above copyright
  notice, this list of conditions and the following disclaimer in the
  documentation and/or other materials provided with the distribution.
  3. Neither the name of the copyright holder nor the names of its
  contributors may be used to endorse or promote products derived
  from this software without specific prior written permission.

  THIS SOFTWARE IS PROVIDED BY THE COPYRIGHT HOLDERS AND CONTRIBUTORS
  "AS IS" AND ANY EXPRESS OR IMPLIED WARRANTIES, INCLUDING, BUT NOT
  LIMITED TO, THE IMPLIED WARRANTIES OF MERCHANTABILITY AND FITNESS
  FOR A PARTICULAR PURPOSE ARE DISCLAIMED. IN NO EVENT SHALL THE
  COPYRIGHT HOLDER OR CONTRIBUTORS BE LIABLE FOR ANY DIRECT, INDIRECT,
  INCIDENTAL, SPECIAL, EXEMPLARY, OR CONSEQUENTIAL DAMAGES (INCLUDING,
  BUT NOT LIMITED TO, PROCUREMENT OF SUBSTITUTE GOODS OR SERVICES;
  LOSS OF USE, DATA, OR PROFITS; OR BUSINESS INTERRUPTION) HOWEVER
  CAUSED AND ON ANY THEORY OF LIABILITY, WHETHER IN CONTRACT, STRICT
  LIABILITY, OR TORT (INCLUDING NEGLIGENCE OR OTHERWISE) ARISING IN
  ANY WAY OUT OF THE USE OF THIS SOFTWARE, EVEN IF ADVISED OF THE
  POSSIBILITY OF SUCH DAMAGE.

  The above license is used as a license under copyright only.  Please
  reference the OMA IPR Policy for patent licensing terms:
  http://www.openmobilealliance.org/ipr.html
-->

<LWM2M xmlns:xsi="http://www.w3.org/2001/XMLSchema-instance" xsi:noNamespaceSchemaLocation="http://openmobilealliance.org/tech/profiles/LWM2M.xsd">
	<Object ObjectType="MODefinition">
		<Name>Communication Characteristics</Name>
		<Description1><![CDATA[This object enables configuration of various generic communications parameters.]]></Description1>
		<ObjectID>17</ObjectID>
		<ObjectURN>urn:oma:lwm2m:oma:17</ObjectURN>
		<MultipleInstances>Single</MultipleInstances>
		<Mandatory>Optional</Mandatory>
		<Resources>
			<Item ID="0"><Name>Maximum uplink packet size</Name>
				<Operations>R</Operations>
				<MultipleInstances>Single</MultipleInstances>
				<Mandatory>Optional</Mandatory>
				<Type>Integer</Type>
				<RangeEnumeration></RangeEnumeration>
				<Units>octets</Units>
				<Description><![CDATA[Maximum uplink packet size supported by the communications channel.

In case of 3GPP NB-IoT this applies to the maximum uplink packet size supported via the Non Access Stratum (NAS). This information can be retrieved via the Protocol Configuration Options as defined in 3GPP TS 24.008. 
]]></Description>
			</Item>
			<Item ID="1"><Name>Maximum downlink packet size</Name>
				<Operations>R</Operations>
				<MultipleInstances>Single</MultipleInstances>
				<Mandatory>Optional</Mandatory>
				<Type>Integer</Type>
				<RangeEnumeration></RangeEnumeration>
				<Units>octets</Units>
				<Description><![CDATA[Maximum downlink packet size supported by the communications channel, and supported by the device buffer.]]></Description>
			</Item>
			<Item ID="2"><Name>CoAP ACK_TIMEOUT</Name>
				<Operations>RW</Operations>
				<MultipleInstances>Single</MultipleInstances>
				<Mandatory>Optional</Mandatory>
				<Type>Integer</Type>
				<RangeEnumeration></RangeEnumeration>
				<Units></Units>
				<Description><![CDATA[See [RFC 7252 CoAP]]]></Description>
			</Item>
			<Item ID="3"><Name>CoAP ACK_RANDOM_FACTOR</Name>
				<Operations>RW</Operations>
				<MultipleInstances>Single</MultipleInstances>
				<Mandatory>Optional</Mandatory>
				<Type>Integer</Type>
				<RangeEnumeration></RangeEnumeration>
				<Units></Units>
				<Description><![CDATA[See [RFC 7252 CoAP]]]></Description>
			</Item>
			<Item ID="4"><Name>CoAP MAX_RETRANSMIT</Name>
				<Operations>RW</Operations>
				<MultipleInstances>Single</MultipleInstances>
				<Mandatory>Optional</Mandatory>
				<Type>Integer</Type>
				<RangeEnumeration></RangeEnumeration>
				<Units></Units>
				<Description><![CDATA[See [RFC 7252 CoAP]]]></Description>
			</Item>
			<Item ID="5"><Name>CoAP NSTART</Name>
				<Operations>RW</Operations>
				<MultipleInstances>Single</MultipleInstances>
				<Mandatory>Optional</Mandatory>
				<Type>Integer</Type>
				<RangeEnumeration></RangeEnumeration>
				<Units></Units>
				<Description><![CDATA[See [RFC 7252 CoAP]]]></Description>
			</Item>
			<Item ID="6"><Name>CoAP DEFAULT_LEISURE</Name>
				<Operations>RW</Operations>
				<MultipleInstances>Single</MultipleInstances>
				<Mandatory>Optional</Mandatory>
				<Type>Integer</Type>
				<RangeEnumeration></RangeEnumeration>
				<Units></Units>
				<Description><![CDATA[See [RFC 7252 CoAP]]]></Description>
			</Item>
			<Item ID="7"><Name>CoAP PROBING_RATE</Name>
				<Operations>RW</Operations>
				<MultipleInstances>Single</MultipleInstances>
				<Mandatory>Optional</Mandatory>
				<Type>Integer</Type>
				<RangeEnumeration></RangeEnumeration>
				<Units></Units>
				<Description><![CDATA[See [RFC 7252 CoAP]]]></Description>
			</Item></Resources>
		<Description2 />
	</Object>
</LWM2M>