<?xml version="1.0" encoding="utf-8"?>

<!--
FILE INFORMATION

OMA Permanent Document
   File: OMA-SUP-XML_LWM2M_APN_connection_profile-V1_0-20170314-A
   Type: xml

Public Reachable Information
   Path: http://www.openmobilealliance.org/tech/profiles
   Name: LWM2M_APN_connection_profile-v1_0.xml

NORMATIVE INFORMATION

  Information about this file can be found in the latest revision of

    OMA-TS-LWM2M_ConnMgmt-V1_0

  This is available at http://www.openmobilealliance.org/

  Send comments to technical-comments@mail.openmobilealliance.org

CHANGE HISTORY

14032017 Status changed to Approved by TP, TP Ref # OMA-TP-2017-0019-INP_LWM2M_CONNMGMT-V1_0_RRP_for_Final_Approval
	
LEGAL DISCLAIMER

  Copyright 2017 Open Mobile Alliance All rights reserved.

  Redistribution and use in source and binary forms, with or without
  modification, are permitted provided that the following conditions
  are met:

  1. Redistributions of source code must retain the above copyright
  notice, this list of conditions and the following disclaimer.
  2. Redistributions in binary form must reproduce the above copyright
  notice, this list of conditions and the following disclaimer in the
  documentation and/or other materials provided with the distribution.
  3. Neither the name of the copyright holder nor the names of its
  contributors may be used to endorse or promote products derived
  from this software without specific prior written permission.

  THIS SOFTWARE IS PROVIDED BY THE COPYRIGHT HOLDERS AND CONTRIBUTORS
  "AS IS" AND ANY EXPRESS OR IMPLIED WARRANTIES, INCLUDING, BUT NOT
  LIMITED TO, THE IMPLIED WARRANTIES OF MERCHANTABILITY AND FITNESS
  FOR A PARTICULAR PURPOSE ARE DISCLAIMED. IN NO EVENT SHALL THE
  COPYRIGHT HOLDER OR CONTRIBUTORS BE LIABLE FOR ANY DIRECT, INDIRECT,
  INCIDENTAL, SPECIAL, EXEMPLARY, OR CONSEQUENTIAL DAMAGES (INCLUDING,
  BUT NOT LIMITED TO, PROCUREMENT OF SUBSTITUTE GOODS OR SERVICES;
  LOSS OF USE, DATA, OR PROFITS; OR BUSINESS INTERRUPTION) HOWEVER
  CAUSED AND ON ANY THEORY OF LIABILITY, WHETHER IN CONTRACT, STRICT
  LIABILITY, OR TORT (INCLUDING NEGLIGENCE OR OTHERWISE) ARISING IN
  ANY WAY OUT OF THE USE OF THIS SOFTWARE, EVEN IF ADVISED OF THE
  POSSIBILITY OF SUCH DAMAGE.

  The above license is used as a license under copyright only.  Please
  reference the OMA IPR Policy for patent licensing terms:
  http://www.openmobilealliance.org/ipr.html
-->

<LWM2M xmlns:xsi="http://www.w3.org/2001/XMLSchema-instance" xsi:noNamespaceSchemaLocation="http://openmobilealliance.org/tech/profiles/LWM2M.xsd">
	<Object ObjectType="MODefinition">
		<Name>Non-Access Stratum (NAS) configuration </Name>
		<Description1><![CDATA[This object provides Non-Access Stratum (NAS) configuration and is derived from 3GPP TS 24.368.]]></Description1>
		<ObjectID>18</ObjectID>
		<ObjectURN>urn:oma:lwm2m:oma:18</ObjectURN>
		<MultipleInstances>Single</MultipleInstances>
		<Mandatory>Optional</Mandatory>
		<Resources>
			<Item ID="0"><Name>NAS_SignallingPriority</Name>
				<Operations>RW</Operations>
				<MultipleInstances>Single</MultipleInstances>
				<Mandatory>Optional</Mandatory>
				<Type>Integer</Type>
				<RangeEnumeration>0-255</RangeEnumeration>
				<Units></Units>
				<Description><![CDATA[Indicates a NAS signalling priority which is used to determine the setting of the low priority indicator to be included in NAS messages as specified in 3GPP TS 24.008 [4] and 3GPP TS 24.301 [5].

0=reserved
1=NAS signalling low priority
2-255=reserved]]></Description>
			</Item>
			<Item ID="1"><Name>AttachWithIMSI</Name>
				<Operations>RW</Operations>
				<MultipleInstances>Single</MultipleInstances>
				<Mandatory>Optional</Mandatory>
				<Type>Boolean</Type>
				<RangeEnumeration></RangeEnumeration>
				<Units></Units>
				<Description><![CDATA[Indicates whether attach with IMSI is performed when moving to a non-equivalent PLMN as specified in 3GPP TS 24.008 [4] and 3GPP TS 24.301 [5].
0	Indicates that normal behaviour is applied.
1	Indicates that attach with IMSI is performed when moving to a non-equivalent PLMN.

]]></Description>
			</Item>
			<Item ID="2"><Name>MinimumPeriodicSearchTimer</Name>
				<Operations>RW</Operations>
				<MultipleInstances>Single</MultipleInstances>
				<Mandatory>Optional</Mandatory>
				<Type>Integer</Type>
				<RangeEnumeration>0-255</RangeEnumeration>
				<Units></Units>
				<Description><![CDATA[Gives a minimum value in minutes for the timer T controlling the periodic search for higher prioritized PLMNs as specified in 3GPP TS 23.122 [3].
]]></Description>
			</Item>
			<Item ID="3"><Name>NMO_I_Behaviour</Name>
				<Operations>RW</Operations>
				<MultipleInstances>Single</MultipleInstances>
				<Mandatory>Optional</Mandatory>
				<Type>Boolean</Type>
				<RangeEnumeration></RangeEnumeration>
				<Units></Units>
				<Description><![CDATA[Indicates whether the "NMO I, Network Mode of Operation I" indication as specified in 3GPP TS 24.008 [4] is applied by the UE.
0	Indicates that the "NMO I, Network Mode of Operation I" indication is not used.
1	Indicates that the "NMO I, Network Mode of Operation I" indication is used, if available.
]]></Description>
			</Item>
			<Item ID="4"><Name>Timer_T3245_Behaviour</Name>
				<Operations>RW</Operations>
				<MultipleInstances>Single</MultipleInstances>
				<Mandatory>Optional</Mandatory>
				<Type>Boolean</Type>
				<RangeEnumeration></RangeEnumeration>
				<Units></Units>
				<Description><![CDATA[Indicates whether the timer T3245 and the related functionality as specified in 3GPP TS 24.008 [4] and 3GPP TS 24.301 [5] is used by the UE.
0	Indicates that the timer T3245 is not used.
1	Indicates that the timer T3245 is used.
]]></Description>
			</Item>
			<Item ID="5"><Name>ExtendedAccessBarring</Name>
				<Operations>RW</Operations>
				<MultipleInstances>Single</MultipleInstances>
				<Mandatory>Optional</Mandatory>
				<Type>Boolean</Type>
				<RangeEnumeration></RangeEnumeration>
				<Units></Units>
				<Description><![CDATA[Indicates whether the extended access barring is applicable for the UE as specified in 3GPP TS 24.008 [4] and 3GPP TS 24.301 [5].
0	Indicates that the extended access barring is not applied for the UE.
1	Indicates that the extended access barring is applied for the UE.
]]></Description>
			</Item>
			<Item ID="6"><Name>Override_NAS_SignallingLowPriority</Name>
				<Operations>RW</Operations>
				<MultipleInstances>Single</MultipleInstances>
				<Mandatory>Optional</Mandatory>
				<Type>Boolean</Type>
				<RangeEnumeration></RangeEnumeration>
				<Units></Units>
				<Description><![CDATA[Indicates whether the UE can override the NAS_SignallingPriority leaf node configured to NAS signalling low priority.
The setting of the low priority indicator included in NAS messages when this resource exists is specified in 3GPP TS 24.008 [4] and 3GPP TS 24.301 [5].
0	Indicates that the UE cannot override the NAS signalling low priority indicator
1	Indicates that the UE can override the NAS signalling low priority indicator
The default value 0 applies if this leaf is not provisioned.
If provisioned, this resource is set to the same value as that provisioned for the Override_ExtendedAccessBarring leaf, e.g., if the UE is configured to override the NAS signalling low access priority indicator, then UE is also configured to override extended access class barring (see 3GPP TS 23.401 [5A]).]]></Description>
			</Item>
			<Item ID="7"><Name>Override_ExtendedAccessBarring</Name>
				<Operations>RW</Operations>
				<MultipleInstances>Single</MultipleInstances>
				<Mandatory>Optional</Mandatory>
				<Type>Boolean</Type>
				<RangeEnumeration></RangeEnumeration>
				<Units></Units>
				<Description><![CDATA[Indicates whether the UE can override ExtendedAccessBarring resource configured to extended access barring.
The handling of extended access barring for the UE when this resource exists is specified in 3GPP TS 24.008 [4] and 3GPP TS 24.301 [5].
0	Indicates that the UE cannot override extended access barring
1	Indicates that the UE can override extended access barring
The default value 0 applies if this resource is not provisioned.
If provisioned, this resource is set to the same value as that provisioned for the Override_NAS_SignallingLowPriority leaf, e.g., if the UE is configured to override the NAS signalling low access priority indicator, then UE is also configured to override extended access class barring (see 3GPP TS 23.401 [5A]).
]]></Description>
			</Item>
			<Item ID="8"><Name>FastFirstHigherPriorityPLMNSearch</Name>
				<Operations>RW</Operations>
				<MultipleInstances>Single</MultipleInstances>
				<Mandatory>Optional</Mandatory>
				<Type>Boolean</Type>
				<RangeEnumeration></RangeEnumeration>
				<Units></Units>
				<Description><![CDATA[Indicates whether the UE performs the first search for a higher priority PLMN after at least 2 minutes and at most T minutes upon entering a VPLMN as specified in 3GPP TS 23.122 [3].
0	Indicates that the Fast First Higher Priority PLMN Search is disabled, see 3GPP TS 23.122 [3]
1	Indicates that the Fast First Higher Priority PLMN Search is enabled, see 3GPP TS 23.122 [3]
The default value 0 applies if this resource is not provisioned.
]]></Description>
			</Item>
			<Item ID="9"><Name>EUTRADisablingAllowedForEMMCause15</Name>
				<Operations>RW</Operations>
				<MultipleInstances>Single</MultipleInstances>
				<Mandatory>Optional</Mandatory>
				<Type>Boolean</Type>
				<RangeEnumeration></RangeEnumeration>
				<Units></Units>
				<Description><![CDATA[Indicates whether the UE is allowed to disable the E-UTRA capability when it receives the Extended EMM cause IE with value "E-UTRAN not allowed" as described in 3GPP TS 24.301 [5].
0	Indicates that "E-UTRA Disabling for EMM cause #15" is disabled, see 3GPP TS 24.301 [5]
1	Indicates that "E-UTRA Disabling for EMM cause #15" is enabled, see 3GPP TS 24.301 [5]
The default value 0 applies if this resource is not provisioned.
]]></Description>
			</Item>
			<Item ID="10"><Name>SM_RetryWaitTime</Name>
				<Operations>RW</Operations>
				<MultipleInstances>Single</MultipleInstances>
				<Mandatory>Optional</Mandatory>
				<Type>Integer</Type>
				<RangeEnumeration>0-255</RangeEnumeration>
				<Units></Units>
				<Description><![CDATA[Indicates a configured UE retry wait time value applicable when in HPLMN or EHPLMN (see 3GPP TS 23.122 [3]) for controlling the UE session management retry behaviour when prior session management request was rejected by the network with cause value #8, #27, #32, #33 as specified in 3GPP TS 24.008 [4] and 3GPP TS 24.301 [5]. 
The default value of 12 minutes applies if this resource is not provisioned.
This resource shall be coded in the same format as the value part of GPRS Timer 3 IE as specified in Table 10.5.163a/3GPP TS 24.008 [4] converted into a decimal value.
]]></Description>
			</Item>
			<Item ID="11"><Name>SM_RetryAtRATChange</Name>
				<Operations>RW</Operations>
				<MultipleInstances>Single</MultipleInstances>
				<Mandatory>Optional</Mandatory>
				<Type>Boolean</Type>
				<RangeEnumeration></RangeEnumeration>
				<Units></Units>
				<Description><![CDATA[Indicates the UE's retry behaviour when in HPLMN or EHPLMN (see 3GPP TS 23.122 [3]) after inter-system change between S1 mode and A/Gb or Iu mode as specified in 3GPP TS 24.008 [4] and 3GPP TS 24.301 [5]. 
0	Indicates that the UE is allowed to retry the corresponding ESM procedure in S1 mode if an SM procedure was rejected in A/Gb or Iu mode, and to retry the corresponding SM procedure in A/Gb or Iu mode if an ESM procedure was rejected in S1 mode, see 3GPP TS 24.008 [4] and 3GPP TS 24.301 [5]
1	Indicates that the UE is not allowed to retry an SM procedure or the corresponding ESM procedure in any of the modes: A/Gb, Iu and S1 mode, see 3GPP TS 24.008 [4] and 3GPP TS 24.301 [5]
The default value 0 applies if this resource is not provisioned.
]]></Description>
			</Item>
			<Item ID="12"><Name>ExceptionDataReportingAllowed</Name>
				<Operations>RW</Operations>
				<MultipleInstances>Single</MultipleInstances>
				<Mandatory>Optional</Mandatory>
				<Type>Boolean</Type>
				<RangeEnumeration></RangeEnumeration>
				<Units></Units>
				<Description><![CDATA[For the UE in NB-S1 mode, this resource indicates whether the UE is allowed to use the RRC establishment cause mo-ExceptionData, as specified in 3GPP TS 24.301 [5].
0	Indicates that the UE is not allowed to use the RRC establishment cause mo-ExceptionData.
1	Indicates that the UE is allowed to use the RRC establishment cause mo-ExceptionData.
If this resource is not provisioned, the value of 0 is used.
]]></Description>
			</Item></Resources>
		<Description2 />
	</Object>
</LWM2M>